Unnamed: 0,01208,00941,00939,02888,06078,01024,00763,02331,01530,02600,00981,02382,01093,09926,00388,03993,01177,01729,01810,01801,09999,01929,06869,06990,01378,01339,01877,02313,01347,09618,02318,03690,03896,01398,06160,00883,01299,02628,03330,06181,02171,02145,01211,02899,09988,09985,09995,01815,00358,02015,02097,01258,02269,09868,00700,00998,02020,01772,09992,00005,03692,01788,09991,00340,09898,02099
01208,1.0,0.14898439620072823,0.07565054413293162,0.30777293191741334,0.20377144059758567,0.20134003214263269,0.1505290224799502,0.09227869371877485,0.12461643337386666,0.13615591887071177,0.2773084544482467,0.20706328778927965,0.15957618374580596,0.2225978761731939,0.27583205270568834,0.25326712379558186,0.0845460886321529,0.2996417578171224,0.27661069274753913,0.23644841496222269,0.12860141504108602,0.21986339816880135,0.22074039134550774,0.2082255244313361,0.28934155547065216,0.06886093148772231,0.23776839273230574,0.25463486354003195,0.12994108945393149,0.18161766814122188,0.11788855900279095,0.18633076914070568,0.28809305480774683,0.03673678350475138,0.2575745552910326,0.2712529424322387,0.1481353210311816,0.2260265898493952,0.18916377697064715,0.11492528651976576,0.2392408348376847,0.21728446930975664,0.29059694597111446,0.25665945251197914,0.30329242519795613,0.1414018370386285,0.14722000524886328,0.15313806067328514,0.18747434970487142,0.2051930103709715,0.23918318701645422,0.2259304243694444,0.1840350539857886,0.2507818741095342,0.26048950865490217,0.123330260064522,0.12204567990740674,0.2666162584835569,0.17644098584239926,0.31905195543558146,0.20381343143941447,0.1101052397347417,0.3116562179612303,0.06330010262693542,0.1440224380656072,0.23591598563008215
00941,0.14898439620072823,0.9999999999999992,0.06826580674111057,0.2745254167025378,0.15593963834733568,0.17071924162489663,0.10960099488745612,0.15687757426492685,0.125433324127586,0.1310797443010775,0.09288615908107231,0.18843321087775403,0.13554576726265716,0.19434846540479575,0.22731109268183342,0.14584230645397248,0.07358870263102044,0.20691172023333865,0.13726106336437757,0.16191933248132093,0.14437785428709612,0.19700685751177446,0.12844669573007905,0.10092391334063976,0.1757148266007081,0.06837887281633968,0.16881893704537526,0.15338510251550938,0.09229594071719552,0.13865701710525483,0.15211608051620254,0.25485997254667453,0.12024705438757576,0.08941051792575314,0.25866001524163074,0.2223154273362862,0.10722258478081854,0.24789195751052193,0.15587608161572203,0.09076148034605161,0.20804552859543557,0.15857339733098236,0.14223270155789525,0.23244747610552105,0.22049569601369778,0.07166809336531879,0.08002436432495272,0.1275328816098184,0.13388439589907794,0.1767115595888411,0.17174458438870693,0.18465640457080712,0.13569272584264747,0.1831507945098813,0.2614459517565967,0.1363573573783135,0.20458049224724395,0.22929146372436754,0.1559167232623485,0.29171629425799556,0.18108983840711215,0.09449810170173736,0.25095399586931744,0.05982422339590546,0.20638791877697155,0.15662215777393074
00939,0.07565054413293162,0.06826580674111057,1.0,0.10344153792362001,0.07196865463107763,0.15512723997502625,-0.0124985991681741,0.02269832434190409,0.0011210011270786568,0.03953877119698675,0.05176593669503064,0.06962620129650016,0.08668707493385949,0.05854039536939087,0.11243011760132499,0.11616564072113958,0.05070019154155182,0.08760570149942529,0.10539924400770292,0.026520478707378583,0.08889385004446813,0.08118373964408769,0.04568174409802526,0.10082172262828475,0.09328306743876912,0.02809064319022582,0.066206247646344,0.032732946773189026,0.02401910658748043,0.20683191965440087,0.09069680915988672,0.07195515794346102,0.049561936621704904,0.05700389706024176,0.0675732188714852,0.12336798723480963,0.009772985855092162,0.13393986729680188,0.08337635783203848,0.015941158793878026,0.05486221954672185,0.05002484000948298,0.16394454725584873,0.12734326026546489,0.1469646452394149,0.0549441767133447,0.014021882597061235,0.05956090133767627,0.05698724358234323,0.11478791137270836,0.06379110871675349,0.08147735687615915,0.06098010236019965,-0.02958899090338562,0.12051529861078518,0.05222796090792563,0.11717174660806148,0.10721743130432324,0.08259775363808075,0.16438573201767537,0.060162360017353075,0.047594780074736366,0.1073663976746947,0.04712409533163059,0.05867173680059303,0.0750093976547902
02888,0.30777293191741334,0.2745254167025378,0.10344153792362001,0.9999999999999993,0.4053017779692766,0.5143684359103516,0.4156393398489729,0.40334467776246063,0.34510479806051314,0.3660059652602307,0.44448678634891026,0.549584425261047,0.35643630715609464,0.5060071947214985,0.5861552459887314,0.490344660783297,0.4519941992405516,0.5522855319188674,0.4688872040858776,0.4835574629369726,0.633419257448083,0.5300002840622151,0.39222428732979403,0.359468618324231,0.5224098389130162,0.2399932965034216,0.4652030419512036,0.4428144683338716,0.26888244207691314,0.5585930813965766,0.42477037914794874,0.5476838525368624,0.5006292677016427,0.2160026256413939,0.5992161076071143,0.6108873136166325,0.1411773337529516,0.5697527501899232,0.40116673609534315,0.2072552095820498,0.5149128415031619,0.43937844721786773,0.5553097671098202,0.6138993424088255,0.6017854823424051,0.27535900924311285,0.25926675837742563,0.28932055991701305,0.4469780969213817,0.5449295949945377,0.560535295764741,0.4907669169204345,0.5064085030263341,0.48240141939664805,0.6654251620485363,0.34530107269492405,0.4945669175627511,0.6083434919933758,0.5432011494871961,0.6992450336869407,0.432478319946293,0.2505076534507745,0.5896261762844343,0.15697383095251316,0.47470339549025814,0.4708293001726107
06078,0.20377144059758567,0.15593963834733568,0.07196865463107763,0.4053017779692766,1.0,0.25465940642883417,0.19736999161132968,0.18590793146188084,0.16727794559644743,0.16918113399117904,0.22254563691113377,0.2570865501862548,0.1623720950631287,0.24472669776109365,0.2608168850000257,0.24231754505651867,0.19603411106634827,0.2813964807125863,0.17307539052467275,0.23154414223193456,0.19838556759353215,0.28572356918806163,0.21238687413062968,0.1654070971380819,0.2429715461823836,0.09941882818738706,0.21881996905153292,0.29111147151232175,0.14026709841217228,0.31402327620631487,0.18122114648786358,0.2329964918074849,0.2480957352624316,0.06792525989817136,0.28135916138172806,0.26112534878173127,0.1018523648268605,0.24362845324476748,0.1703084073465212,0.09403274576676425,0.24827948494311905,0.21624786927139278,0.22843154471251353,0.28000990429834294,0.294616836600917,0.09763879067880721,0.12341455880762894,0.1371182408429246,0.23732976768555197,0.2647772295893257,0.2752413710934183,0.2572752451355739,0.24438793153907667,0.27472883525405783,0.2992197732838677,0.14992988861971326,0.14586080656440764,0.2612550860798432,0.26425305958068285,0.3028653957441476,0.20043171053059483,0.10707662487403213,0.27921247360839635,0.05847940305272848,0.20184418045280614,0.22255926365097922
01024,0.20134003214263269,0.17071924162489663,0.15512723997502625,0.5143684359103516,0.25465940642883417,1.0,0.0940423230965125,0.10252373284973626,0.04985956163284786,0.1458721233648164,0.12333576069411487,0.27309500057887054,0.21509310144016214,0.23950332929344906,0.28575169863643396,0.2441809926423031,0.11459073911101257,0.2736733715238456,0.18457972198365996,0.1242725530291604,0.2163962496529276,0.2786839517446917,0.18080947848616802,0.23212122666221352,0.24888048192443893,0.10765620922934702,0.21694086726781353,0.2108272415482926,0.08795455912523481,0.35997677770831443,0.21021159807030945,0.2180289695769924,0.1548567807223678,0.05087569269335286,0.24482613583180718,0.2745732868912267,0.058079221488545545,0.3256956643640452,0.20236455319114877,0.06384191740602206,0.23036624454844226,0.1977577690618007,0.27496201484427685,0.29984363922679075,0.29645381631925377,0.09492111632553582,0.10430802317811323,0.15755841352059857,0.18357943868759974,0.28521848468133565,0.21978821763148754,0.23259859387903817,0.18480930939367307,0.07611194199368933,0.3324682413621295,0.09768502383098183,0.18975885900027326,0.3176158675092963,0.26979591713722245,0.36916621146703676,0.21668840110738452,0.1172793775729809,0.2726487418625782,0.0738189482173119,0.27023642567871753,0.22574505265445
00763,0.1505290224799502,0.10960099488745612,-0.0124985991681741,0.4156393398489729,0.19736999161132968,0.0940423230965125,1.0,0.12464293412816203,0.11272258148547873,0.1499395360489826,0.15921691696953105,0.2546829377077536,0.11850128906799924,0.2239521597185226,0.20695806770486555,0.1488227851336467,0.07115518070166389,0.251146157293817,0.15483599600592557,0.19981747886634124,0.07292492408256335,0.1884155080166826,0.20019477220251347,0.11618676499342757,0.2170306937065478,0.07295323905990023,0.21893851668178738,0.2672731990224335,0.10864933228481274,0.06458884743998673,0.13615733347857825,0.1975723954674589,0.19664182816155348,0.025012396740041715,0.2503205178383231,0.21781369466201875,0.07947468930933929,0.20283386335996018,0.15909781713814203,0.11028414711951041,0.2395322813116253,0.2029679493035354,0.10338478326203747,0.20538977205879905,0.1699253385885778,0.06020824970935405,0.1459338487924869,0.11118712243952816,0.1693660460044222,0.13840027651878667,0.19676221691855308,0.19960147570803902,0.21890659017906924,0.25629191436394416,0.2511250240667104,0.08367710514062791,0.111484023492572,0.2636107015394981,0.18952931121239386,0.23822182073428502,0.20313001535566177,0.08101322450814588,0.23116211870987824,0.04969166048606395,0.25560898253601555,0.20796296876212908
02331,0.09227869371877485,0.15687757426492685,0.02269832434190409,0.40334467776246063,0.18590793146188084,0.10252373284973626,0.12464293412816203,1.0,0.12192130980180649,0.11494113716567546,0.10890968016863674,0.12674822675180525,0.1176740261698006,0.16545418008901241,0.20259391734022317,0.10544907300626333,0.06350456667097859,0.18328855717581055,0.10563490284261803,0.16654635349130512,0.09138658252155571,0.15014587983968652,0.11283223793246511,0.08050866234170578,0.1447637745425836,0.04867956321907347,0.1574337875053577,0.11326593418710644,0.09402254503549877,0.05435595290696023,0.14072769256532838,0.22264260271694203,0.10130755168722319,0.06557538440388368,0.24114871999953322,0.1769679910030552,0.12922418652680648,0.2112100240259897,0.1556597686823944,0.056163692930537086,0.18986252769511036,0.1386920295010137,0.1026402322226466,0.18266633223036338,0.16809005690939746,0.07287568359976451,0.08874883280313726,0.10069370751489672,0.11276538159685104,0.14749881118408317,0.13729023841702567,0.14207220326697093,0.13260540291830822,0.17107208972861424,0.24201940919052306,0.11979142719080409,0.16459930264959102,0.19940464887032525,0.148789997948076,0.21347040924965058,0.156082550379931,0.076652017254543,0.21720581560739557,0.05988922969157111,0.18149919333641076,0.15189302004699018
01530,0.12461643337386666,0.125433324127586,0.0011210011270786568,0.34510479806051314,0.16727794559644743,0.04985956163284786,0.11272258148547873,0.12192130980180649,1.0,0.09193092083286308,0.1651593304869356,0.08273004279067235,0.10187129179522325,0.19142449976331238,0.17375855096769485,0.1110647374081386,0.11335569914862498,0.19155218944129593,0.06103162653959449,0.23495614129056497,0.17233818524489364,0.1543476500792066,0.1116558693279794,0.07691912157857841,0.12703189305480023,0.07607009702369306,0.16143087287771402,0.041537095275112235,0.1387006516207158,-0.025741371909299326,0.05581918752932456,0.20672709662198613,0.1485369439368016,0.05844874117648578,0.25968285583960926,0.17214255894029443,0.1652278105875426,0.15200234153329722,0.1541974288943897,0.02746641633302797,0.19615931902452236,0.13683695375296065,0.16978717778348784,0.17717101759871362,0.1774713717171761,0.12207973073180514,0.10152625197788939,0.11216051035817595,0.08943491675337235,0.16035694304319814,0.22114456907019578,0.11104167097609,0.14578164119602352,0.12569439521065093,0.18393715832938712,0.15885274861896984,0.13373755143924518,0.1445616086355126,0.05457308225533865,0.23166470192914637,0.14425433004554172,0.09323989118977427,0.30887536393906595,0.04633449847405674,0.04236556297823627,0.17300389060025037
02600,0.13615591887071177,0.1310797443010775,0.03953877119698675,0.3660059652602307,0.16918113399117904,0.1458721233648164,0.1499395360489826,0.11494113716567546,0.09193092083286308,1.0,0.25368951615218904,0.24482889154483295,0.15181157011220453,0.2628513620582254,0.3024307534971687,0.2505450830222363,0.18428957776839475,0.3123719185406174,0.27152298467542557,0.2846303767636834,0.1126789220116889,0.25399641591115657,0.22675696975379486,0.1796633254863836,0.28671924670738697,0.09914572756844751,0.24742141782420224,0.2643958801520931,0.15347118333082693,0.15497685538184633,0.13794615924074252,0.2139421181220366,0.31666739445718245,0.0804199642856041,0.3067562798957286,0.2825427824023484,0.15669666801535959,0.2467699150401923,0.2106965587848484,0.11385868571999155,0.2648027434935338,0.23571018377087916,0.27425881364242016,0.28302232249443937,0.3136691259171158,0.12723956492905886,0.16540164425956666,0.15671974885636764,0.23268759563573896,0.2619995184162545,0.2748303001668337,0.25225563573031373,0.24391011205227647,0.23496765693074295,0.3064872970998991,0.15147219175654578,0.13943653015926555,0.29508816051648873,0.16682852163607406,0.34369268025252797,0.21818093587954515,0.12184283492925536,0.33456025472333606,0.07348544583562763,0.18199731437823333,0.26464741200146547
00981,0.2773084544482467,0.09288615908107231,0.05176593669503064,0.44448678634891026,0.22254563691113377,0.12333576069411487,0.15921691696953105,0.10890968016863674,0.1651593304869356,0.25368951615218904,1.0,0.1335297487603833,0.09643297776645668,0.13154028752992133,0.15059890240358853,0.15381011945901435,0.05874317258395348,0.16678263359989998,0.16886002017918664,0.134402501574641,0.0386569323977095,0.1330516790915936,0.1274734820445107,0.12364215569357798,0.15471261314790266,0.04020170123445714,0.1384801007942876,0.14449262404047472,0.09096414679630381,0.11358452167971711,0.0738247078964412,0.07225702382685287,0.1742916277465258,0.01469641487855644,0.15862089453398195,0.13676747248688048,0.09932370021302968,0.1362065617863323,0.12012679190188053,0.057260240169679594,0.13847407524751487,0.12623461972504868,0.18004664401123938,0.15278082421085176,0.17009447327711327,0.07990995969120046,0.08574818981268538,0.09403408009112162,0.11134233877105151,0.13035026960517926,0.14094652077196285,0.12636651024509796,0.10006079137570494,0.05083110709625685,0.15466100780701975,0.0684624223700845,0.10559581115143356,0.15940174783100286,0.06692155790277315,0.19279281770401296,0.11409536408845007,0.06602151267150097,0.18340517187363334,0.03572278337096639,0.08545362470828774,0.13866616511354404
02382,0.20706328778927965,0.18843321087775403,0.06962620129650016,0.549584425261047,0.2570865501862548,0.27309500057887054,0.2546829377077536,0.12674822675180525,0.08273004279067235,0.24482889154483295,0.1335297487603833,1.0,0.2416874695220178,0.35001692957368497,0.36850301512584777,0.2847272793558299,0.12907940421714018,0.40602159017780354,0.26472371629858577,0.20633912629416903,0.21263904179774165,0.3235216738715716,0.30564708161525966,0.2458535294065809,0.34915680158913376,0.1224647263358315,0.3369106802655384,0.4392129821770614,0.13403825799961047,0.3630175042560794,0.2817400091068053,0.37318165793253677,0.26778678125372224,0.06282809958359639,0.375654479231538,0.37218469417420147,0.14010752067288296,0.39116106510297216,0.276352133329861,0.1854869193395339,0.3826085643281469,0.3096131074335499,0.2227403305375305,0.3919679219560305,0.3477366046726916,0.0658782839379673,0.21215673069215654,0.19537968923303325,0.29469945331494274,0.37998595035142013,0.2549502632365798,0.3573073830202686,0.29134133354653524,0.38731560721742286,0.4466818083733734,0.12622348941624514,0.20936886973655916,0.45667636698820196,0.3974570211331088,0.4434182243364876,0.3335633405838304,0.12658422408340383,0.3324315407990182,0.10235627871998138,0.49454425656995,0.32441865168512046
01093,0.15957618374580596,0.13554576726265716,0.08668707493385949,0.35643630715609464,0.1623720950631287,0.21509310144016214,0.11850128906799924,0.1176740261698006,0.10187129179522325,0.15181157011220453,0.09643297776645668,0.2416874695220178,1.0,0.22673409815433523,0.20440679611101292,0.18294198073315956,0.135269144392357,0.2482435874292676,0.1436110672417617,0.17856074440215008,0.20372113499983427,0.22788585355145471,0.175082414829696,0.17564862151096114,0.21433946091681758,0.10572789877042997,0.20448886798208127,0.2095939155860662,0.0970754445399975,0.2693619404295417,0.15127566523815908,0.21361420952736396,0.14569573774849545,0.0532228510492508,0.23296535179379418,0.24042780981145526,-0.03566422802957956,0.2623232755489419,0.17983935885290653,0.08702530875590758,0.22664313636028882,0.18218127160796346,0.19167920415228665,0.24823019006072786,0.24594787544355176,0.09164007851342178,0.10790176050612388,0.1354278159260928,0.15419743343880735,0.22339004851164865,0.24531601701341216,0.19582714462384235,0.18995094393889775,0.15141069643541907,0.2806898320174564,0.09257212558172788,0.15934136401421808,0.26587564907656175,0.2280695828578006,0.298387056148987,0.1966634927747608,0.09689613468191874,0.2554104874530753,0.06568633894043743,0.2312997050478111,0.20161143956588992
09926,0.2225978761731939,0.19434846540479575,0.05854039536939087,0.5060071947214985,0.24472669776109365,0.23950332929344906,0.2239521597185226,0.16545418008901241,0.19142449976331238,0.2628513620582254,0.13154028752992133,0.35001692957368497,0.22673409815433523,1.0,0.3517842852843062,0.27348083055237626,0.22395091955615745,0.4103476065460441,0.2641436860399703,0.3265559264346734,0.26603102748119234,0.3289605367755583,0.30040425323756026,0.2511724818301558,0.3615726691777276,0.13653787338767975,0.3461605346570819,0.34156018727172205,0.18109590469118905,0.33571033941871087,0.2410323124243721,0.3496246662680278,0.28836150733148214,0.07764301265966057,0.41262300095629967,0.3805783500251276,0.061359827591339816,0.37068953322183984,0.31236559045408885,0.13166057135968212,0.37443029763461866,0.30882148226843315,0.2953091046249717,0.3962990964586856,0.40564457591007974,0.1691099239026042,0.21959764378680505,0.2077377430381687,0.2538497774459701,0.3861997515726003,0.38966902495796835,0.32146283277180676,0.3094721200352329,0.3106480288344371,0.44040134319275737,0.16278191014383414,0.2390548604163752,0.40380659939815566,0.3219981085364575,0.4520027190803747,0.32470277591025676,0.1513660686439517,0.426072517439044,0.10116301978134794,0.3628214824970835,0.35453868425640295
00388,0.27583205270568834,0.22731109268183342,0.11243011760132499,0.5861552459887314,0.2608168850000257,0.28575169863643396,0.20695806770486555,0.20259391734022317,0.17375855096769485,0.3024307534971687,0.15059890240358853,0.36850301512584777,0.20440679611101292,0.3517842852843062,1.0,0.3366700551111154,0.14681220434491676,0.44894349297840797,0.3451516281477832,0.31691867169072563,0.13844633734927597,0.3049986089001068,0.26908004149231146,0.2620818411747964,0.37041625712310283,0.06782947625514672,0.3707210582938571,0.29986009327765645,0.18835019954296808,0.2117736145097032,0.2587537809952163,0.3602976789028503,0.3253754435412846,0.08067889821960822,0.4571583095858456,0.34354044507585135,0.15853928495289593,0.4225673686954389,0.33260153346201277,0.033142122239065645,0.3906604158248212,0.3165409182487233,0.4019788962278411,0.4277634186133788,0.3769005727881086,0.18855321901291142,0.19386845710348172,0.2341851407382797,0.2753029144042999,0.3001925049345081,0.3098461933529751,0.34952290016129983,0.2088568604246416,0.21496726086716617,0.469555759794149,0.2157463057108542,0.33622535942257703,0.4639229180125364,0.20498332709876893,0.5226330569999128,0.3368246170392079,0.18014612080638956,0.4942339834365109,0.15553552014803806,0.35414906389249484,0.3837060596103107
03993,0.25326712379558186,0.14584230645397248,0.11616564072113958,0.490344660783297,0.24231754505651867,0.2441809926423031,0.1488227851336467,0.10544907300626333,0.1110647374081386,0.2505450830222363,0.15381011945901435,0.2847272793558299,0.18294198073315956,0.27348083055237626,0.3366700551111154,1.0,0.16779237340979225,0.3900178039141636,0.3700761933572294,0.29814829416066513,0.12961999446934422,0.2796255829868536,0.28226329018145646,0.2823174047308653,0.35812405351089754,0.08323702639959467,0.3056659220888615,0.3292334893349531,0.1661574666273448,0.3109336397566838,0.16113317928008156,0.22406197885692775,0.35331394445223985,0.040555780432771124,0.3305236263524324,0.35386916540382746,0.05097630706815265,0.3161791025399785,0.2798249860892747,0.14553834982246436,0.29892505253443175,0.27488599491014726,0.40501812581179686,0.35441869622223154,0.3764150223659913,0.19732128889516987,0.18840949972250204,0.20142407255670433,0.25790955192759774,0.25806649758659966,0.34853794308001557,0.2940248387846836,0.21915636617308923,0.27467424370796434,0.35508874409166724,0.1502672913268179,0.2025717967678095,0.3709883977015513,0.21792867343262454,0.42477031518366454,0.2457831974402912,0.15045733829013294,0.40086798134581364,0.10253617796647625,0.22095039398864988,0.31472982918407455
01177,0.0845460886321529,0.07358870263102044,0.05070019154155182,0.4519941992405516,0.19603411106634827,0.11459073911101257,0.07115518070166389,0.06350456667097859,0.11335569914862498,0.18428957776839475,0.05874317258395348,0.12907940421714018,0.135269144392357,0.22395091955615745,0.14681220434491676,0.16779237340979225,0.9999999999999987,0.14642631776049675,0.11638967054697459,0.09259175638854504,0.10031643154074706,0.13289523785901158,0.10664519802951666,0.09760360204573332,0.12862038021303904,0.0314455305723189,0.12215713491346045,0.11595247578212285,0.06031692802934084,0.14136478803340485,0.08802323407065941,0.1347021492529946,0.09740943139087081,0.043518119659471576,0.1464432084312951,0.13634019692046898,0.06839605203805081,0.13736195421656086,0.09563669511572215,0.05255271805279024,0.12217541984456659,0.10424191190177592,0.12323756259524053,0.14893809244785575,0.1488934167689679,0.061374999071847416,0.062276834446224616,0.07712323472036896,0.09710319585330941,0.12487182717268054,0.11607496157836455,0.11794122120067123,0.10963973347173449,0.1051382743278583,0.16797868173577668,0.05565142027796309,0.11231073522168067,0.16189859472653662,0.13729652349674887,0.1795993080657024,0.11339650308159513,0.05766611910602123,0.14156676043097033,0.0388298761615763,0.12521498979658077,0.1119452955339933
01729,0.2996417578171224,0.20691172023333865,0.08760570149942529,0.5522855319188674,0.2813964807125863,0.2736733715238456,0.251146157293817,0.18328855717581055,0.19155218944129593,0.3123719185406174,0.16678263359989998,0.40602159017780354,0.2482435874292676,0.4103476065460441,0.44894349297840797,0.3900178039141636,0.14642631776049675,1.0,0.45022240770449296,0.5059302158201779,0.5110695597868498,0.5698692431647114,0.5353333107423717,0.4456867144678819,0.6082404280118777,0.41712680092156157,0.4683344272253758,0.4182486482190509,0.4429982814442861,0.6249203357590539,0.4993041687089034,0.5071505074633877,0.5226988231401886,0.39383205982530406,0.5594687264706235,0.6105497354066662,0.5176513238177175,0.4897174925463592,0.4998407013187339,0.43009219728752773,0.48236791503962945,0.4519107320903802,0.5926563531262473,0.6261819497343277,0.54714857791859,0.3093365431963815,0.4010958467927311,0.31432659766794707,0.5830627466392991,0.5631463277342449,0.5057238173538022,0.5391954877429141,0.5490912303544225,0.5665684893571158,0.5728300141843289,0.48097042497537174,0.5325622940189201,0.5064126468907652,0.5663668157972847,0.6791795090210633,0.452034516899041,0.2482068580613952,0.5445950863026452,0.25858857239146926,0.43772389174865006,0.540076457136631
01810,0.27661069274753913,0.13726106336437757,0.10539924400770292,0.4688872040858776,0.17307539052467275,0.18457972198365996,0.15483599600592557,0.10563490284261803,0.06103162653959449,0.27152298467542557,0.16886002017918664,0.26472371629858577,0.1436110672417617,0.2641436860399703,0.3451516281477832,0.3700761933572294,0.11638967054697459,0.45022240770449296,1.0,0.2964859721580174,-0.0234441826909397,0.21776719584337245,0.2543039919765698,0.2610385056445249,0.329353532818699,0.018573760883281564,0.2844912068484305,0.2871704892576988,0.16571177158728279,0.18161631102360262,0.11715008012882663,-0.010947319782419387,0.42067929984114055,0.008635610078078606,0.2988497171548031,0.2410006732409407,0.18819027214046857,0.23046017196037374,0.2539431305165314,0.047379391578415336,0.26254133258248064,0.2516614527676252,0.45642857674663806,0.28768083388129295,0.32181334607108486,0.21172522454503334,0.17063631835756013,0.18760897627379278,0.23640440614092792,0.19951611807678743,0.2751467733459522,0.26537248258739893,0.14078867542942183,-0.0016531208315703912,0.25278889680812117,0.12806760918666266,0.18210572653764853,0.32791133072959344,0.0010593466942127809,0.3843763073730333,0.20441148821613195,0.13427171560065757,0.3985766554617079,0.0831709100722652,0.09300664435649549,0.2975953689211797
01801,0.23644841496222269,0.16191933248132093,0.026520478707378583,0.4835574629369726,0.23154414223193456,0.1242725530291604,0.19981747886634124,0.16654635349130512,0.23495614129056497,0.2846303767636834,0.134402501574641,0.20633912629416903,0.17856074440215008,0.3265559264346734,0.31691867169072563,0.29814829416066513,0.09259175638854504,0.5059302158201779,0.2964859721580174,1.0,0.012123560921858484,0.23967691368878533,0.25234027228027467,0.19865136063715252,0.30564189351333704,0.0674329320741718,0.29981997543654076,0.2436630436989422,0.19704372269481354,0.09256063473242805,0.09952222070298036,0.2394047192501432,0.35673874077440815,0.044155674266985426,0.3855448019956329,0.2828808810324639,0.29094898619267523,0.2621948862198133,0.25821034693479206,0.11485546431937561,0.3122134487313953,0.26922320713407644,0.36414969104389106,0.2856833496658359,0.343901055197576,0.19423844164643025,0.19501048002765056,0.18173061503181412,0.20597895094200505,0.24554420608194366,0.2905779290782631,0.25333312055628815,0.20174266332675106,0.25623812900180115,0.30915074052757663,0.18273496187587573,0.20184645340950438,0.31218308702174197,0.09127530741074574,0.3756770351992214,0.24128190225873497,0.145213607866343,0.427110262096051,0.07736690050408536,0.14762308231036259,0.29789988628170927
09999,0.12860141504108602,0.14437785428709612,0.08889385004446813,0.633419257448083,0.19838556759353215,0.2163962496529276,0.07292492408256335,0.09138658252155571,0.17233818524489364,0.1126789220116889,0.0386569323977095,0.21263904179774165,0.20372113499983427,0.26603102748119234,0.13844633734927597,0.12961999446934422,0.10031643154074706,0.5110695597868498,-0.0234441826909397,0.012123560921858484,1.0,0.15152412290163197,0.10114039952207152,0.1345174557436204,0.1065203237463216,0.14425919946839827,0.14505665959319938,0.07858288097653415,0.01783101326769744,0.3544809014036159,0.17082005680263515,0.18132051682392086,0.006250755135867927,0.03345278102810652,0.10916483804771841,0.18767110969716383,0.056082538992591954,0.250334641566667,0.1721701675746623,0.16931574055104467,0.14914610007792986,0.0924765791344843,0.07334453346177423,0.19257035815454673,0.1579324502328493,0.04459141929534609,0.05673826409561697,0.07798597086736272,0.10291835611100937,0.21456008202073149,0.14258183458221643,0.10877787909597077,0.1798126206199822,-0.0038128647753841133,0.25520725509905523,0.045430885791417325,0.175417618725828,0.19887332158233612,0.3480741107614096,0.23042646399833344,0.13777247302975806,0.0633299402060594,0.13246185128887217,0.08178540725510171,0.27386590233510666,0.16798510206629666
01929,0.21986339816880135,0.19700685751177446,0.08118373964408769,0.5300002840622151,0.28572356918806163,0.2786839517446917,0.1884155080166826,0.15014587983968652,0.1543476500792066,0.25399641591115657,0.1330516790915936,0.3235216738715716,0.22788585355145471,0.3289605367755583,0.3049986089001068,0.2796255829868536,0.13289523785901158,0.5698692431647114,0.21776719584337245,0.23967691368878533,0.15152412290163197,0.9999999999999998,0.28850739766939104,0.2529796620083738,0.33649650292443817,0.13413474476892515,0.28538018313737956,0.3479404222289682,0.15811157629209538,0.3229348876401908,0.24140950726955043,0.3318684086873797,0.2628031440037254,0.08296805763281384,0.3671987633434082,0.3483117877556606,-0.05867009865899465,0.3381926067127099,0.21764265704077937,0.11080562073510998,0.3372799645730114,0.2914570074910106,0.262032901166329,0.3782026456968571,0.37093841078060324,0.1517488802777017,0.18721503286466395,0.19540100427307266,0.29769277447338777,0.32611613918344495,0.37953065676767483,0.3073985532350668,0.2818170144534154,0.3312809123033805,0.40202224524223457,0.15429747380107467,0.21103864193975472,0.39074829228391533,0.3021340999483253,0.4282158372975851,0.283541101150349,0.14638692795469077,0.36925023923081235,0.05432820926989695,0.3121265523177322,0.29550060109002985
06869,0.22074039134550774,0.12844669573007905,0.04568174409802526,0.39222428732979403,0.21238687413062968,0.18080947848616802,0.20019477220251347,0.11283223793246511,0.1116558693279794,0.22675696975379486,0.1274734820445107,0.30564708161525966,0.175082414829696,0.30040425323756026,0.26908004149231146,0.28226329018145646,0.10664519802951666,0.5353333107423717,0.2543039919765698,0.25234027228027467,0.10114039952207152,0.28850739766939104,0.9999999999999993,0.33982134102860945,0.3554036217148426,0.1775841166746013,0.31599376249588484,0.42367562022696514,0.23760728823825544,0.4338945492409892,0.30312310725977876,0.35274737451688976,0.38547743301750653,0.12525528049603435,0.34165849854354746,0.3948739846213472,0.28406609664961635,0.3342845638104145,0.2710654146847949,0.23136719229807512,0.35119874530813655,0.30233991821103723,0.4167134034409707,0.3778593394468658,0.3988765792680667,0.23367142822711137,0.23590185877100087,0.17614512604536825,0.3366586011777789,0.39924858986474415,0.33917450711064556,0.3535453973998317,0.3625675829244047,0.38309637013167536,0.4178178951430314,0.21996720364964606,0.3838929672829769,0.37350030369344894,0.4122306618799247,0.4427352907036872,0.2722442359334673,0.1501715931995379,0.3412755905468718,0.1020335609223681,0.25624764934860517,0.349113991437683
06990,0.2082255244313361,0.10092391334063976,0.10082172262828475,0.359468618324231,0.1654070971380819,0.23212122666221352,0.11618676499342757,0.08050866234170578,0.07691912157857841,0.1796633254863836,0.12364215569357798,0.2458535294065809,0.17564862151096114,0.2511724818301558,0.2620818411747964,0.2823174047308653,0.09760360204573332,0.4456867144678819,0.2610385056445249,0.19865136063715252,0.1345174557436204,0.2529796620083738,0.33982134102860945,0.9999999999999997,0.3237069951453281,0.18918335546823878,0.265346301141603,0.2859645650636687,0.21834685966503334,0.347673125729698,0.2275712189010864,0.2547917375231193,0.287883178099199,0.15495053905721515,0.2967744652472128,0.29669236261545695,0.28978521507268534,0.2409673353042113,0.2753724912793026,0.20096748521928573,0.26621978614546626,0.22225546393600554,0.3458926314415527,0.34156096877436687,0.26390467013177793,0.15672998063059673,0.21818860966016101,0.16525921903409604,0.2981025326118898,0.3165357982950538,0.2974071630595979,0.2785983345706662,0.3097875299045574,0.30990780696038117,0.2873619639509169,0.20817579961322238,0.29653390564061965,0.2701370215614176,0.3035272912043177,0.40861853221166633,0.23279458964448627,0.12382654944517431,0.3158814493195572,0.08185935189198815,0.2512656474090033,0.31863615509196697
01378,0.28934155547065216,0.1757148266007081,0.09328306743876912,0.5224098389130162,0.2429715461823836,0.24888048192443893,0.2170306937065478,0.1447637745425836,0.12703189305480023,0.28671924670738697,0.15471261314790266,0.34915680158913376,0.21433946091681758,0.3615726691777276,0.37041625712310283,0.35812405351089754,0.12862038021303904,0.6082404280118777,0.329353532818699,0.30564189351333704,0.1065203237463216,0.33649650292443817,0.3554036217148426,0.3237069951453281,1.0,0.11250956804057165,0.35384645044456553,0.39615274423242713,0.17459286961584303,0.3111248354589719,0.23180272804611685,0.2837286886199802,0.39698932619351385,0.046147247603930616,0.37423746990945295,0.373825432680509,0.08924061063034566,0.3394460935018334,0.3215427249789523,0.1595288677842999,0.3606813820243383,0.31629497386293887,0.36948079260873107,0.38423152019069784,0.3797420313788015,0.16215924933732997,0.2283283111595695,0.21111273461988664,0.3119949854378624,0.3470988152123803,0.3840163732020011,0.33772721790141813,0.3332133271620603,0.3416254902593031,0.41647326917906197,0.13812874709056402,0.2117505089609404,0.4113333781243449,0.3013632926335543,0.4600540868332186,0.28813964196316416,0.14746088385683678,0.4264584054397789,0.09634192994007847,0.3149400670709213,0.3571507684287438
01339,0.06886093148772231,0.06837887281633968,0.02809064319022582,0.2399932965034216,0.09941882818738706,0.10765620922934702,0.07295323905990023,0.04867956321907347,0.07607009702369306,0.09914572756844751,0.04020170123445714,0.1224647263358315,0.10572789877042997,0.13653787338767975,0.06782947625514672,0.08323702639959467,0.0314455305723189,0.41712680092156157,0.018573760883281564,0.0674329320741718,0.14425919946839827,0.13413474476892515,0.1775841166746013,0.18918335546823878,0.11250956804057165,0.999999999999999,0.10633825040350756,0.1349435896662836,0.05301350230014982,0.10781298443118435,0.057941276595268904,0.07679556654640539,0.09008923315940255,0.03543505636017514,0.0952106075485293,0.12660650656266936,0.13884172723883825,0.1418155552633615,0.08960920894916691,0.1424620759695836,0.13112801206674893,0.10528812618808614,0.06498273566258085,0.10470159938248033,0.15612521759645287,0.03953473874422317,0.08358531924564885,0.07462049950537986,0.07822720326910194,0.15159274748013993,0.13286808511950537,0.10082237747857965,0.12634704582848347,0.024444570556086127,0.1279616559181108,0.03738757658619823,0.013316518445401089,0.13066267369178314,0.15613626961262309,0.13860967628954252,0.09970735034244026,0.05317625451652449,0.12614713260324556,0.005829128077966375,0.12650996604458323,0.12280737600940325
01877,0.23776839273230574,0.16881893704537526,0.066206247646344,0.4652030419512036,0.21881996905153292,0.21694086726781353,0.21893851668178738,0.1574337875053577,0.16143087287771402,0.24742141782420224,0.1384801007942876,0.3369106802655384,0.20448886798208127,0.3461605346570819,0.3707210582938571,0.3056659220888615,0.12215713491346045,0.4683344272253758,0.2844912068484305,0.29981997543654076,0.14505665959319938,0.28538018313737956,0.31599376249588484,0.265346301141603,0.35384645044456553,0.10633825040350756,1.0,0.3555518415075261,0.30721450794403354,0.48766852779062564,0.34210631122956875,0.3826162635751354,0.3833070372522859,0.17473270713686445,0.47330573574640245,0.4471280654681208,0.41455293794485254,0.3761659388365459,0.36055225912700634,0.2690201473359681,0.3961328883713205,0.34138348583503036,0.4887769724540552,0.4684021334839432,0.43554310417470987,0.24380314212997714,0.25375677278961367,0.19781372816449194,0.4262303319551541,0.4588652776927488,0.4010285117203135,0.405211860727795,0.4287891994715581,0.4527481262891273,0.4692290460374164,0.28991598710380434,0.4192887130330568,0.38592477502624667,0.43566471184955613,0.5403931356956805,0.3494070420143116,0.19507624362697779,0.44325242218480176,0.1656106898125731,0.3313950065734555,0.408149802068644
02313,0.25463486354003195,0.15338510251550938,0.032732946773189026,0.4428144683338716,0.29111147151232175,0.2108272415482926,0.2672731990224335,0.11326593418710644,0.041537095275112235,0.2643958801520931,0.14449262404047472,0.4392129821770614,0.2095939155860662,0.34156018727172205,0.29986009327765645,0.3292334893349531,0.11595247578212285,0.4182486482190509,0.2871704892576988,0.2436630436989422,0.07858288097653415,0.3479404222289682,0.42367562022696514,0.2859645650636687,0.39615274423242713,0.1349435896662836,0.3555518415075261,1.0,0.1364144023018134,0.33666187573350836,0.25875063221513195,0.1636153873454916,0.40852640464656936,-0.009880140883016269,0.2997638925182008,0.3270647205415685,0.2509488297266648,0.2802646583908997,0.2159468426691126,0.18428458786301372,0.33921167097450533,0.32460966215896353,0.28429363688511333,0.3288475303384385,0.3045460755220548,0.09357100666925088,0.24791277814231413,0.18047097893108766,0.3181550279860976,0.37297334704113977,0.276635394964315,0.34310352046111614,0.33633766205942445,0.10601958820098646,0.3444971322949186,0.05476216025511624,0.10578000884607981,0.4157256921332478,0.31572703738578645,0.35324145340627366,0.27659709459076387,0.1121354687557505,0.2850740934917547,0.042683801045669205,0.38755740185772425,0.30345036130664266
01347,0.12994108945393149,0.09229594071719552,0.02401910658748043,0.26888244207691314,0.14026709841217228,0.08795455912523481,0.10864933228481274,0.09402254503549877,0.1387006516207158,0.15347118333082693,0.09096414679630381,0.13403825799961047,0.0970754445399975,0.18109590469118905,0.18835019954296808,0.1661574666273448,0.06031692802934084,0.4429982814442861,0.16571177158728279,0.19704372269481354,0.01783101326769744,0.15811157629209538,0.23760728823825544,0.21834685966503334,0.17459286961584303,0.05301350230014982,0.30721450794403354,0.1364144023018134,1.0,0.09239064176468158,0.08159499997146681,0.16625437289074124,0.20602177901557994,0.03391067024311274,0.21577519433961584,0.168284149812902,0.08238844066930565,0.149446986117175,0.1624275033953023,0.07317912504243565,0.18719571985374114,0.1413062336953131,0.21465419749740536,0.16507110493005078,0.19201643979323108,0.1105513726082483,0.09835262986579994,0.09705736910229473,0.13114276786859294,0.17453608605940027,0.19541575435830325,0.14090976127144475,0.1399774965712427,0.17313753553633793,0.1796771358999204,0.10747906532695371,0.13066187628560538,0.18585138122071826,0.07697988885393996,0.21941734485599856,0.13983148526197606,0.0926160000857667,0.24946569637529303,0.04560070289629763,0.09122521414775064,0.1844329536645083
09618,0.18161766814122188,0.13865701710525483,0.20683191965440087,0.5585930813965766,0.31402327620631487,0.35997677770831443,0.06458884743998673,0.05435595290696023,-0.025741371909299326,0.15497685538184633,0.11358452167971711,0.3630175042560794,0.2693619404295417,0.33571033941871087,0.2117736145097032,0.3109336397566838,0.14136478803340485,0.6249203357590539,0.18161631102360262,0.09256063473242805,0.3544809014036159,0.3229348876401908,0.4338945492409892,0.347673125729698,0.3111248354589719,0.10781298443118435,0.48766852779062564,0.33666187573350836,0.09239064176468158,1.0,0.24233172627440047,0.13382341013950838,0.1207638413652315,0.026726862965645134,0.1039617054162045,0.27535764290740944,-0.017067172796461676,0.28762711185028705,0.16695899048822846,0.1453790057310726,0.14992889008632984,0.1421381383917445,0.25788254131271965,0.27692118523645376,0.26999848906779317,0.06552143341969993,0.06312489966533985,0.12890972726111882,0.17820548077753012,0.31967937796243134,0.13532658401266007,0.20538011215390461,0.20050419192937768,-0.07178712307720511,0.2968264745536073,0.016388819275053583,0.16999451141392044,0.2904382115329521,0.3150631278391538,0.32638742831312734,0.16141556872519663,0.0838762544207013,0.14537798840284125,0.0744313860849818,0.2800640127790427,0.17995310771823742
02318,0.11788855900279095,0.15211608051620254,0.09069680915988672,0.42477037914794874,0.18122114648786358,0.21021159807030945,0.13615733347857825,0.14072769256532838,0.05581918752932456,0.13794615924074252,0.0738247078964412,0.2817400091068053,0.15127566523815908,0.2410323124243721,0.2587537809952163,0.16113317928008156,0.08802323407065941,0.4993041687089034,0.11715008012882663,0.09952222070298036,0.17082005680263515,0.24140950726955043,0.30312310725977876,0.2275712189010864,0.23180272804611685,0.057941276595268904,0.34210631122956875,0.25875063221513195,0.08159499997146681,0.24233172627440047,0.9999999999999989,0.2566394561621966,0.11060730060580157,0.06272585108246619,0.23102613712986758,0.24239963452089183,-0.006351435432099404,0.28135618490250036,0.17918458887619806,0.028465279581829702,0.22315337128009288,0.1732220209407146,0.12997111379958715,0.2636003985165188,0.1846721175084677,0.03258677837477991,0.09555008616313415,0.11557731898652707,0.17934554219034365,0.1931204431492804,0.1426504931489132,0.21605111302219507,0.1716894977142519,0.1466761177626668,0.31926565599991474,0.08879539212199558,0.1856973830344941,0.298603272688887,0.2331211174813486,0.2858526118018126,0.20047028189356497,0.07641545968671198,0.18919141144044518,0.07910236124859289,0.33578405950834683,0.19472880453654925
03690,0.18633076914070568,0.25485997254667453,0.07195515794346102,0.5476838525368624,0.2329964918074849,0.2180289695769924,0.1975723954674589,0.22264260271694203,0.20672709662198613,0.2139421181220366,0.07225702382685287,0.37318165793253677,0.21361420952736396,0.3496246662680278,0.3602976789028503,0.22406197885692775,0.1347021492529946,0.5071505074633877,-0.010947319782419387,0.2394047192501432,0.18132051682392086,0.3318684086873797,0.35274737451688976,0.2547917375231193,0.2837286886199802,0.07679556654640539,0.3826162635751354,0.1636153873454916,0.16625437289074124,0.13382341013950838,0.2566394561621966,1.0,-0.026872618367099026,0.12793857818171026,0.3318845025611844,0.18420092092394869,0.02490908019056283,0.34069849258946616,0.2176393088650134,-0.026439667948010233,0.2483615956927486,0.13784036914874398,0.03280601599314202,0.2731712381128882,0.17809419694894588,0.04167353740599052,0.05454015590753791,0.12215919280908427,0.08681100618810081,0.1104088554442763,0.13881103167387304,0.1665147403043028,0.11597570787190639,0.33159616029890987,0.37576322407698526,0.19762459983696581,0.29090959961248575,0.2612504164223866,0.256538370285815,0.32291565954531315,0.22151333158280948,0.10737321634408518,0.2904765061403451,0.12043999696111526,0.3308770845123076,0.1921724910810902
03896,0.28809305480774683,0.12024705438757576,0.049561936621704904,0.5006292677016427,0.2480957352624316,0.1548567807223678,0.19664182816155348,0.10130755168722319,0.1485369439368016,0.31666739445718245,0.1742916277465258,0.26778678125372224,0.14569573774849545,0.28836150733148214,0.3253754435412846,0.35331394445223985,0.09740943139087081,0.5226988231401886,0.42067929984114055,0.35673874077440815,0.006250755135867927,0.2628031440037254,0.38547743301750653,0.287883178099199,0.39698932619351385,0.09008923315940255,0.3833070372522859,0.40852640464656936,0.20602177901557994,0.1207638413652315,0.11060730060580157,-0.026872618367099026,0.9999999999999997,0.00787521685059474,0.3422469635956128,0.31242050024999235,0.266030994477546,0.2307638112059964,0.2561145983236179,0.13811296965651304,0.3212450491965942,0.3145024785793021,0.439015646244755,0.3000445103977634,0.37005060020380315,0.20882289100241755,0.23627160070009479,0.1969796252566082,0.2808353568418343,0.2882443171398887,0.3146348696466386,0.30379456751610445,0.24429818616843435,0.30885167314121204,0.2718109574333219,0.13517067827801396,0.14184505612619844,0.36046389578091276,0.1008317710712986,0.3953735096685571,0.24194306867363927,0.1466057047471636,0.42189771259460895,0.06691511770266878,0.1465331713816859,0.3334112281250432
01398,0.03673678350475138,0.08941051792575314,0.05700389706024176,0.2160026256413939,0.06792525989817136,0.05087569269335286,0.025012396740041715,0.06557538440388368,0.05844874117648578,0.0804199642856041,0.01469641487855644,0.06282809958359639,0.0532228510492508,0.07764301265966057,0.08067889821960822,0.040555780432771124,0.043518119659471576,0.39383205982530406,0.008635610078078606,0.044155674266985426,0.03345278102810652,0.08296805763281384,0.12525528049603435,0.15495053905721515,0.046147247603930616,0.03543505636017514,0.17473270713686445,-0.009880140883016269,0.03391067024311274,0.026726862965645134,0.06272585108246619,0.12793857818171026,0.00787521685059474,1.0,0.09899040286517087,0.07458277553217119,-0.0034776403740596103,0.10118122348047191,0.0678101737323728,-0.03061287715958352,0.060331252767241564,0.03180887802370954,0.027978178970250813,0.08791527950306798,0.059698505073436645,0.0064110056642620004,0.009076616239468675,0.031104901203320132,0.01913998193111734,0.021128981489616384,0.03781920346102727,0.04844969650457131,0.03146056480596164,0.09311047183149737,0.1044748182852379,0.06984386582741002,0.08173050535165896,0.06797712786781276,0.03667919809131153,0.09212652219218687,0.060927563581444855,0.026678936290087905,0.07957805151182948,0.03515939791931954,0.07073750521396097,0.04374240227073608
06160,0.2575745552910326,0.25866001524163074,0.0675732188714852,0.5992161076071143,0.28135916138172806,0.24482613583180718,0.2503205178383231,0.24114871999953322,0.25968285583960926,0.3067562798957286,0.15862089453398195,0.375654479231538,0.23296535179379418,0.41262300095629967,0.4571583095858456,0.3305236263524324,0.1464432084312951,0.5594687264706235,0.2988497171548031,0.3855448019956329,0.10916483804771841,0.3671987633434082,0.34165849854354746,0.2967744652472128,0.37423746990945295,0.0952106075485293,0.47330573574640245,0.2997638925182008,0.21577519433961584,0.1039617054162045,0.23102613712986758,0.3318845025611844,0.3422469635956128,0.09899040286517087,1.0,0.4178880888709637,0.17367039880485338,0.4275518951900837,0.352352222753326,0.12836368032251821,0.4302951978983587,0.34228732068427353,0.32708999390536136,0.4485619751380944,0.4302991573759524,0.2009650447925927,0.20959691932802435,0.24551764548306565,0.27444264130432316,0.3406102710866285,0.44911504569335586,0.3520657251637371,0.31086418769489815,0.39538705061647994,0.49793951140927595,0.25770453800409854,0.2950846306152157,0.46635648369490973,0.32697903703642867,0.5162216036996847,0.3584360225088418,0.1823849687348091,0.5415680187305513,0.13890557776577736,0.3598745448821098,0.39219149513245755
00883,0.2712529424322387,0.2223154273362862,0.12336798723480963,0.6108873136166325,0.26112534878173127,0.2745732868912267,0.21781369466201875,0.1769679910030552,0.17214255894029443,0.2825427824023484,0.13676747248688048,0.37218469417420147,0.24042780981145526,0.3805783500251276,0.34354044507585135,0.35386916540382746,0.13634019692046898,0.6105497354066662,0.2410006732409407,0.2828808810324639,0.18767110969716383,0.3483117877556606,0.3948739846213472,0.29669236261545695,0.373825432680509,0.12660650656266936,0.4471280654681208,0.3270647205415685,0.168284149812902,0.27535764290740944,0.24239963452089183,0.18420092092394869,0.31242050024999235,0.07458277553217119,0.4178880888709637,0.9999999999999998,0.1236628180596909,0.34832386664258536,0.26760611192559186,0.12000524802473718,0.30615250706605923,0.25529607208660837,0.2936807133008643,0.3459572598670158,0.3200397482569608,0.12855643733400432,0.1573288244259203,0.19164273426263637,0.2285835633458073,0.2574592005575112,0.2514048365132877,0.289246985772247,0.20058081748704862,0.11546688363049175,0.3890496429447579,0.14446161266091173,0.21456288885977903,0.3752339334393171,0.26540203133653445,0.42358267225097407,0.25831110009654507,0.13948669359575294,0.3606680158308451,0.09802637100243004,0.31336005660469274,0.2975850118696427
01299,0.1481353210311816,0.10722258478081854,0.009772985855092162,0.1411773337529516,0.1018523648268605,0.058079221488545545,0.07947468930933929,0.12922418652680648,0.1652278105875426,0.15669666801535959,0.09932370021302968,0.14010752067288296,-0.03566422802957956,0.061359827591339816,0.15853928495289593,0.05097630706815265,0.06839605203805081,0.5176513238177175,0.18819027214046857,0.29094898619267523,0.056082538992591954,-0.05867009865899465,0.28406609664961635,0.28978521507268534,0.08924061063034566,0.13884172723883825,0.41455293794485254,0.2509488297266648,0.08238844066930565,-0.017067172796461676,-0.006351435432099404,0.02490908019056283,0.266030994477546,-0.0034776403740596103,0.17367039880485338,0.1236628180596909,1.0,0.14155762957122928,0.1954250218932564,0.19764885288704473,0.19833243126342104,0.1699114348998638,0.273416868886873,0.12961528156961813,0.2022137371663833,0.18772342698945627,0.15078818543374234,0.11310402771163469,0.1096535211746727,0.17933195812867953,0.16650859565371787,0.10849295806283837,0.06588825039738468,-0.0004956950927922108,0.14402839198582743,0.08142946915005975,0.10884929165070238,0.1588705300067793,0.08236545034141611,0.23371519255523443,0.13015705377571285,0.10012632375447354,0.31667755660560815,0.044888555912950164,0.014758185310682041,0.24747439176809108
02628,0.2260265898493952,0.24789195751052193,0.13393986729680188,0.5697527501899232,0.24362845324476748,0.3256956643640452,0.20283386335996018,0.2112100240259897,0.15200234153329722,0.2467699150401923,0.1362065617863323,0.39116106510297216,0.2623232755489419,0.37068953322183984,0.4225673686954389,0.3161791025399785,0.13736195421656086,0.4897174925463592,0.23046017196037374,0.2621948862198133,0.250334641566667,0.3381926067127099,0.3342845638104145,0.2409673353042113,0.3394460935018334,0.1418155552633615,0.3761659388365459,0.2802646583908997,0.149446986117175,0.28762711185028705,0.28135618490250036,0.34069849258946616,0.2307638112059964,0.10118122348047191,0.4275518951900837,0.34832386664258536,0.14155762957122928,0.9999999999999997,0.33299658528023646,0.1231799896456195,0.3872682503246885,0.30591365793856484,0.32070846172512185,0.44851299882093587,0.39418237869294426,0.14351323678625927,0.16275186604031114,0.22618001994083672,0.2519034386643186,0.3387173803480221,0.284564773052885,0.34445974609762403,0.2354738703957627,0.27963987002677615,0.5097723957870381,0.2007080434901892,0.3079960633403353,0.47198246411707384,0.36948855699798283,0.5353496205721794,0.3336601715693774,0.17134233897568563,0.45398997414840786,0.1480595613565604,0.4281159718277774,0.3620824740620448
03330,0.18916377697064715,0.15587608161572203,0.08337635783203848,0.40116673609534315,0.1703084073465212,0.20236455319114877,0.15909781713814203,0.1556597686823944,0.1541974288943897,0.2106965587848484,0.12012679190188053,0.276352133329861,0.17983935885290653,0.31236559045408885,0.33260153346201277,0.2798249860892747,0.09563669511572215,0.4998407013187339,0.2539431305165314,0.25821034693479206,0.1721701675746623,0.21764265704077937,0.2710654146847949,0.2753724912793026,0.3215427249789523,0.08960920894916691,0.36055225912700634,0.2159468426691126,0.1624275033953023,0.16695899048822846,0.17918458887619806,0.2176393088650134,0.2561145983236179,0.0678101737323728,0.352352222753326,0.26760611192559186,0.1954250218932564,0.33299658528023646,1.0,0.2060291864577658,0.33524443425403716,0.2876166588606691,0.39001886625214466,0.4398309696759356,0.39802959614537187,0.2099447726830218,0.21732189925640058,0.19519766594267904,0.33178619530457787,0.3537109915654903,0.3976885906423448,0.3804920357569833,0.3811229897468571,0.37209283903104484,0.4711670904986109,0.26004317895832724,0.3052467192346983,0.39428228171568847,0.39187201414769574,0.499738564199645,0.31115076962938315,0.17319006401967812,0.4392059244811018,0.1437191741774797,0.3007161599546717,0.40339612945721254
06181,0.11492528651976576,0.09076148034605161,0.015941158793878026,0.2072552095820498,0.09403274576676425,0.06384191740602206,0.11028414711951041,0.056163692930537086,0.02746641633302797,0.11385868571999155,0.057260240169679594,0.1854869193395339,0.08702530875590758,0.13166057135968212,0.033142122239065645,0.14553834982246436,0.05255271805279024,0.43009219728752773,0.047379391578415336,0.11485546431937561,0.16931574055104467,0.11080562073510998,0.23136719229807512,0.20096748521928573,0.1595288677842999,0.1424620759695836,0.2690201473359681,0.18428458786301372,0.07317912504243565,0.1453790057310726,0.028465279581829702,-0.026439667948010233,0.13811296965651304,-0.03061287715958352,0.12836368032251821,0.12000524802473718,0.19764885288704473,0.1231799896456195,0.2060291864577658,1.0,0.11897383763229154,0.10117210943695384,0.10842655601625033,0.08364266266176049,0.16078321564653658,0.06256100980444938,0.11485836695535324,0.06384781231792278,0.08950818197225122,0.21168281655233814,0.10099168274268032,0.07971460912924967,0.12663505930650618,-0.0021731109803357924,0.12120910869033819,-0.022059990402830885,-0.0060927624799817,0.11468551790198155,0.22768323065328142,0.1362498138641602,0.08324818315452084,0.05206465116867795,0.10496099850318154,-0.008406765515735128,0.10666876079232017,0.14234792403094143
02171,0.2392408348376847,0.20804552859543557,0.05486221954672185,0.5149128415031619,0.24827948494311905,0.23036624454844226,0.2395322813116253,0.18986252769511036,0.19615931902452236,0.2648027434935338,0.13847407524751487,0.3826085643281469,0.22664313636028882,0.37443029763461866,0.3906604158248212,0.29892505253443175,0.12217541984456659,0.48236791503962945,0.26254133258248064,0.3122134487313953,0.14914610007792986,0.3372799645730114,0.35119874530813655,0.26621978614546626,0.3606813820243383,0.13112801206674893,0.3961328883713205,0.33921167097450533,0.18719571985374114,0.14992889008632984,0.22315337128009288,0.2483615956927486,0.3212450491965942,0.060331252767241564,0.4302951978983587,0.30615250706605923,0.19833243126342104,0.3872682503246885,0.33524443425403716,0.11897383763229154,1.0,0.34516136445904766,0.5259541631987237,0.5202640893440514,0.47450037716843335,0.25467565644766216,0.3122229123285666,0.2552989606531897,0.48581869305285835,0.5122120729526847,0.4300575465729324,0.4732252389581248,0.5164328195286042,0.5110912538966244,0.48742916206651177,0.3608676297179527,0.4369415847399892,0.41574992128406424,0.4578792270722832,0.5810249313926299,0.41853831661033153,0.1827560281076844,0.4672246210833933,0.14662428463337943,0.3867359291667006,0.44116507339542177
02145,0.21728446930975664,0.15857339733098236,0.05002484000948298,0.43937844721786773,0.21624786927139278,0.1977577690618007,0.2029679493035354,0.1386920295010137,0.13683695375296065,0.23571018377087916,0.12623461972504868,0.3096131074335499,0.18218127160796346,0.30882148226843315,0.3165409182487233,0.27488599491014726,0.10424191190177592,0.4519107320903802,0.2516614527676252,0.26922320713407644,0.0924765791344843,0.2914570074910106,0.30233991821103723,0.22225546393600554,0.31629497386293887,0.10528812618808614,0.34138348583503036,0.32460966215896353,0.1413062336953131,0.1421381383917445,0.1732220209407146,0.13784036914874398,0.3145024785793021,0.03180887802370954,0.34228732068427353,0.25529607208660837,0.1699114348998638,0.30591365793856484,0.2876166588606691,0.10117210943695384,0.34516136445904766,1.0,0.43518411465729057,0.4042423602531062,0.3705115450464723,0.21526530705853159,0.25460081076127195,0.18403139406521501,0.4009126274053911,0.42243032923607915,0.37022393934091175,0.36532351181545136,0.38413857061070755,0.42439682025656056,0.3819630996610818,0.2697869101461361,0.3745953403462779,0.36472961544411947,0.4026410972960161,0.46549026858440357,0.3442630271621905,0.1853043615462191,0.3781328070649953,0.08804869960210815,0.2931509116123996,0.3580875818597165
01211,0.29059694597111446,0.14223270155789525,0.16394454725584873,0.5553097671098202,0.22843154471251353,0.27496201484427685,0.10338478326203747,0.1026402322226466,0.16978717778348784,0.27425881364242016,0.18004664401123938,0.2227403305375305,0.19167920415228665,0.2953091046249717,0.4019788962278411,0.40501812581179686,0.12323756259524053,0.5926563531262473,0.45642857674663806,0.36414969104389106,0.07334453346177423,0.262032901166329,0.4167134034409707,0.3458926314415527,0.36948079260873107,0.06498273566258085,0.4887769724540552,0.28429363688511333,0.21465419749740536,0.25788254131271965,0.12997111379958715,0.03280601599314202,0.439015646244755,0.027978178970250813,0.32708999390536136,0.2936807133008643,0.273416868886873,0.32070846172512185,0.39001886625214466,0.10842655601625033,0.5259541631987237,0.43518411465729057,0.9999999999999987,0.3283724015195243,0.3741207922972093,0.3064543805975111,0.16615396067686525,0.18956859625051853,0.22020913509705978,0.33631989714642113,0.24412821617114489,0.2429536913122483,0.16370372361913021,-0.01078004839741778,0.3206024324918683,0.13504680530166208,0.33342753974680545,0.35603261130702224,0.11939250326346204,0.4540385546999939,0.21215460746801917,0.16306651477924566,0.4526234299254201,0.14628867189780093,0.09287131262660296,0.3647776525652123
02899,0.25665945251197914,0.23244747610552105,0.12734326026546489,0.6138993424088255,0.28000990429834294,0.29984363922679075,0.20538977205879905,0.18266633223036338,0.17717101759871362,0.28302232249443937,0.15278082421085176,0.3919679219560305,0.24823019006072786,0.3962990964586856,0.4277634186133788,0.35441869622223154,0.14893809244785575,0.6261819497343277,0.28768083388129295,0.2856833496658359,0.19257035815454673,0.3782026456968571,0.3778593394468658,0.34156096877436687,0.38423152019069784,0.10470159938248033,0.4684021334839432,0.3288475303384385,0.16507110493005078,0.27692118523645376,0.2636003985165188,0.2731712381128882,0.3000445103977634,0.08791527950306798,0.4485619751380944,0.3459572598670158,0.12961528156961813,0.44851299882093587,0.4398309696759356,0.08364266266176049,0.5202640893440514,0.4042423602531062,0.3283724015195243,0.9999999999999996,0.41114878675137284,0.1572118384454147,0.18357089075904925,0.22667825667831815,0.2769913875510672,0.3230386389887223,0.37485652847555617,0.3506761983277203,0.2836668879103893,0.3224897523781146,0.4949343607446199,0.20301891462968966,0.2978487361918728,0.4729780678100548,0.3508757003418404,0.5142046352345304,0.32772148251233796,0.17179849262397914,0.4616434942989741,0.13799397923721743,0.3961287053341351,0.3626521275922287
09988,0.30329242519795613,0.22049569601369778,0.1469646452394149,0.6017854823424051,0.294616836600917,0.29645381631925377,0.1699253385885778,0.16809005690939746,0.1774713717171761,0.3136691259171158,0.17009447327711327,0.3477366046726916,0.24594787544355176,0.40564457591007974,0.3769005727881086,0.3764150223659913,0.1488934167689679,0.54714857791859,0.32181334607108486,0.343901055197576,0.1579324502328493,0.37093841078060324,0.3988765792680667,0.26390467013177793,0.3797420313788015,0.15612521759645287,0.43554310417470987,0.3045460755220548,0.19201643979323108,0.26999848906779317,0.1846721175084677,0.17809419694894588,0.37005060020380315,0.059698505073436645,0.4302991573759524,0.3200397482569608,0.2022137371663833,0.39418237869294426,0.39802959614537187,0.16078321564653658,0.47450037716843335,0.3705115450464723,0.3741207922972093,0.41114878675137284,0.9999999999999988,0.17060910266534804,0.163364306293343,0.22307880080336537,0.22957519598589626,0.2580669874450501,0.3071925113208471,0.28924240330374085,0.18336419620328478,0.09645638850911682,0.3826695221978967,0.1777856399003867,0.21774971957477318,0.3849073846834889,0.2038710637665233,0.4763146229418152,0.2770317314983264,0.16485091527212495,0.4567665967552641,0.10598022165954848,0.23549958000348672,0.33232419734779567
09985,0.1414018370386285,0.07166809336531879,0.0549441767133447,0.27535900924311285,0.09763879067880721,0.09492111632553582,0.06020824970935405,0.07287568359976451,0.12207973073180514,0.12723956492905886,0.07990995969120046,0.0658782839379673,0.09164007851342178,0.1691099239026042,0.18855321901291142,0.19732128889516987,0.061374999071847416,0.3093365431963815,0.21172522454503334,0.19423844164643025,0.04459141929534609,0.1517488802777017,0.23367142822711137,0.15672998063059673,0.16215924933732997,0.03953473874422317,0.24380314212997714,0.09357100666925088,0.1105513726082483,0.06552143341969993,0.03258677837477991,0.04167353740599052,0.20882289100241755,0.0064110056642620004,0.2009650447925927,0.12855643733400432,0.18772342698945627,0.14351323678625927,0.2099447726830218,0.06256100980444938,0.25467565644766216,0.21526530705853159,0.3064543805975111,0.1572118384454147,0.17060910266534804,0.9999999999999999,0.09595013536773987,0.09548683925825661,0.15901633248865343,0.15325045121582723,0.18125189421409796,0.1630809756511274,0.1344572764800999,0.1416521326340164,0.19910569213193488,0.11155802124458342,0.16532109907379525,0.1564039500538853,0.20740790452884206,0.2502067756939852,0.10752002826636346,0.07846939180177867,0.26007516844676504,0.07317333440033202,0.03312470059321917,0.2138005194588053
09995,0.14722000524886328,0.08002436432495272,0.014021882597061235,0.25926675837742563,0.12341455880762894,0.10430802317811323,0.1459338487924869,0.08874883280313726,0.10152625197788939,0.16540164425956666,0.08574818981268538,0.21215673069215654,0.10790176050612388,0.21959764378680505,0.19386845710348172,0.18840949972250204,0.062276834446224616,0.4010958467927311,0.17063631835756013,0.19501048002765056,0.05673826409561697,0.18721503286466395,0.23590185877100087,0.21818860966016101,0.2283283111595695,0.08358531924564885,0.25375677278961367,0.24791277814231413,0.09835262986579994,0.06312489966533985,0.09555008616313415,0.05454015590753791,0.23627160070009479,0.009076616239468675,0.20959691932802435,0.1573288244259203,0.15078818543374234,0.16275186604031114,0.21732189925640058,0.11485836695535324,0.3122229123285666,0.25460081076127195,0.16615396067686525,0.18357089075904925,0.163364306293343,0.09595013536773987,1.0,0.10360187448958373,0.21262230545672597,0.2810160609057255,0.2256579708534759,0.22018515806674524,0.24901529453667198,0.2764863657460307,0.26597925132374334,0.08203364985540328,0.16646033741614338,0.2272818426291056,0.2713960792282562,0.2928218322272166,0.180503556649489,0.10344661292483852,0.23660873926985,0.029517248745900674,0.1899521023394142,0.21955039742712612
01815,0.15313806067328514,0.1275328816098184,0.05956090133767627,0.28932055991701305,0.1371182408429246,0.15755841352059857,0.11118712243952816,0.10069370751489672,0.11216051035817595,0.15671974885636764,0.09403408009112162,0.19537968923303325,0.1354278159260928,0.2077377430381687,0.2341851407382797,0.20142407255670433,0.07712323472036896,0.31432659766794707,0.18760897627379278,0.18173061503181412,0.07798597086736272,0.19540100427307266,0.17614512604536825,0.16525921903409604,0.21111273461988664,0.07462049950537986,0.19781372816449194,0.18047097893108766,0.09705736910229473,0.12890972726111882,0.11557731898652707,0.12215919280908427,0.1969796252566082,0.031104901203320132,0.24551764548306565,0.19164273426263637,0.11310402771163469,0.22618001994083672,0.19519766594267904,0.06384781231792278,0.2552989606531897,0.18403139406521501,0.18956859625051853,0.22667825667831815,0.22307880080336537,0.09548683925825661,0.10360187448958373,0.9999999999999994,0.31669469475201883,0.2706973692462656,0.19823677805882273,0.30688119543868425,0.2619706878728776,0.2540551440748243,0.28865100229777774,0.2539860395537421,0.27459152202581016,0.2437908236636472,0.2858887174803792,0.35733636982649497,0.23052313827762919,0.16605206281684837,0.27214701618217824,0.13587498323573888,0.17178038177046634,0.25800172078182076
00358,0.18747434970487142,0.13388439589907794,0.05698724358234323,0.4469780969213817,0.23732976768555197,0.18357943868759974,0.1693660460044222,0.11276538159685104,0.08943491675337235,0.23268759563573896,0.11134233877105151,0.29469945331494274,0.15419743343880735,0.2538497774459701,0.2753029144042999,0.25790955192759774,0.09710319585330941,0.5830627466392991,0.23640440614092792,0.20597895094200505,0.10291835611100937,0.29769277447338777,0.3366586011777789,0.2981025326118898,0.3119949854378624,0.07822720326910194,0.4262303319551541,0.3181550279860976,0.13114276786859294,0.17820548077753012,0.17934554219034365,0.08681100618810081,0.2808353568418343,0.01913998193111734,0.27444264130432316,0.2285835633458073,0.1096535211746727,0.2519034386643186,0.33178619530457787,0.08950818197225122,0.48581869305285835,0.4009126274053911,0.22020913509705978,0.2769913875510672,0.22957519598589626,0.15901633248865343,0.21262230545672597,0.31669469475201883,0.9999999999999998,0.30332680422739905,0.28067476686732046,0.281234354271802,0.2639753241518145,0.28596559324280274,0.35765985411040474,0.1084524065849478,0.18110228822882418,0.3507483660292814,0.3086798996913828,0.35503115663022833,0.24647147663805125,0.10965102306711394,0.29340567724309635,0.0752633898849094,0.27422778905544143,0.2768638162518739
02015,0.2051930103709715,0.1767115595888411,0.11478791137270836,0.5449295949945377,0.2647772295893257,0.28521848468133565,0.13840027651878667,0.14749881118408317,0.16035694304319814,0.2619995184162545,0.13035026960517926,0.37998595035142013,0.22339004851164865,0.3861997515726003,0.3001925049345081,0.25806649758659966,0.12487182717268054,0.5631463277342449,0.19951611807678743,0.24554420608194366,0.21456008202073149,0.32611613918344495,0.39924858986474415,0.3165357982950538,0.3470988152123803,0.15159274748013993,0.4588652776927488,0.37297334704113977,0.17453608605940027,0.31967937796243134,0.1931204431492804,0.1104088554442763,0.2882443171398887,0.021128981489616384,0.3406102710866285,0.2574592005575112,0.17933195812867953,0.3387173803480221,0.3537109915654903,0.21168281655233814,0.5122120729526847,0.42243032923607915,0.33631989714642113,0.3230386389887223,0.2580669874450501,0.15325045121582723,0.2810160609057255,0.2706973692462656,0.30332680422739905,0.9999999999999999,0.19059325024815252,0.20987797979727915,0.1993684733379864,0.14852489033743949,0.3014918602750384,0.06492169937860134,0.1982483434988696,0.301178174584521,0.26655811938155466,0.3352068346641177,0.2052967303856105,0.1094322084846927,0.2625653770293156,0.07724973643090627,0.2556167423245374,0.2668355468720367
02097,0.23918318701645422,0.17174458438870693,0.06379110871675349,0.560535295764741,0.2752413710934183,0.21978821763148754,0.19676221691855308,0.13729023841702567,0.22114456907019578,0.2748303001668337,0.14094652077196285,0.2549502632365798,0.24531601701341216,0.38966902495796835,0.3098461933529751,0.34853794308001557,0.11607496157836455,0.5057238173538022,0.2751467733459522,0.2905779290782631,0.14258183458221643,0.37953065676767483,0.33917450711064556,0.2974071630595979,0.3840163732020011,0.13286808511950537,0.4010285117203135,0.276635394964315,0.19541575435830325,0.13532658401266007,0.1426504931489132,0.13881103167387304,0.3146348696466386,0.03781920346102727,0.44911504569335586,0.2514048365132877,0.16650859565371787,0.284564773052885,0.3976885906423448,0.10099168274268032,0.4300575465729324,0.37022393934091175,0.24412821617114489,0.37485652847555617,0.3071925113208471,0.18125189421409796,0.2256579708534759,0.19823677805882273,0.28067476686732046,0.19059325024815252,0.9999999999999999,0.2938764748182399,0.27772566880398714,0.34339755889505374,0.375886066849176,0.20633277181487625,0.25853347232333995,0.3541230211332791,0.27052903833739417,0.44868816519170684,0.26593214020784217,0.17217029082433993,0.40366490457364895,0.06908374063542629,0.23110401943120343,0.2893874811926635
01258,0.2259304243694444,0.18465640457080712,0.08147735687615915,0.4907669169204345,0.2572752451355739,0.23259859387903817,0.19960147570803902,0.14207220326697093,0.11104167097609,0.25225563573031373,0.12636651024509796,0.3573073830202686,0.19582714462384235,0.32146283277180676,0.34952290016129983,0.2940248387846836,0.11794122120067123,0.5391954877429141,0.26537248258739893,0.25333312055628815,0.10877787909597077,0.3073985532350668,0.3535453973998317,0.2785983345706662,0.33772721790141813,0.10082237747857965,0.405211860727795,0.34310352046111614,0.14090976127144475,0.20538011215390461,0.21605111302219507,0.1665147403043028,0.30379456751610445,0.04844969650457131,0.3520657251637371,0.289246985772247,0.10849295806283837,0.34445974609762403,0.3804920357569833,0.07971460912924967,0.4732252389581248,0.36532351181545136,0.2429536913122483,0.3506761983277203,0.28924240330374085,0.1630809756511274,0.22018515806674524,0.30688119543868425,0.281234354271802,0.20987797979727915,0.2938764748182399,0.9999999999999999,0.37564059513347753,0.3441885334293556,0.4533802239081375,0.17454655239314215,0.29738760595745173,0.4242541347696933,0.4053866147631545,0.4776492883011669,0.2950976325446103,0.15570259151207855,0.3753318634848138,0.08420784070495871,0.3387308231352505,0.3234602057088183
02269,0.1840350539857886,0.13569272584264747,0.06098010236019965,0.5064085030263341,0.24438793153907667,0.18480930939367307,0.21890659017906924,0.13260540291830822,0.14578164119602352,0.24391011205227647,0.10006079137570494,0.29134133354653524,0.18995094393889775,0.3094721200352329,0.2088568604246416,0.21915636617308923,0.10963973347173449,0.5490912303544225,0.14078867542942183,0.20174266332675106,0.1798126206199822,0.2818170144534154,0.3625675829244047,0.3097875299045574,0.3332133271620603,0.12634704582848347,0.4287891994715581,0.33633766205942445,0.1399774965712427,0.20050419192937768,0.1716894977142519,0.11597570787190639,0.24429818616843435,0.03146056480596164,0.31086418769489815,0.20058081748704862,0.06588825039738468,0.2354738703957627,0.3811229897468571,0.12663505930650618,0.5164328195286042,0.38413857061070755,0.16370372361913021,0.2836668879103893,0.18336419620328478,0.1344572764800999,0.24901529453667198,0.2619706878728776,0.2639753241518145,0.1993684733379864,0.27772566880398714,0.37564059513347753,1.0,0.1917263180947062,0.25137986114985467,0.06926834194308257,0.14446352419296613,0.25607987990357034,0.2185564198160051,0.2614533605507644,0.18836648567058165,0.08065330333587369,0.20113467628604037,0.053307320623334216,0.2524446626569531,0.187885184511148
09868,0.2507818741095342,0.1831507945098813,-0.02958899090338562,0.48240141939664805,0.27472883525405783,0.07611194199368933,0.25629191436394416,0.17107208972861424,0.12569439521065093,0.23496765693074295,0.05083110709625685,0.38731560721742286,0.15141069643541907,0.3106480288344371,0.21496726086716617,0.27467424370796434,0.1051382743278583,0.5665684893571158,-0.0016531208315703912,0.25623812900180115,-0.0038128647753841133,0.3312809123033805,0.38309637013167536,0.30990780696038117,0.3416254902593031,0.024444570556086127,0.4527481262891273,0.10601958820098646,0.17313753553633793,-0.07178712307720511,0.1466761177626668,0.33159616029890987,0.30885167314121204,0.09311047183149737,0.39538705061647994,0.11546688363049175,-0.0004956950927922108,0.27963987002677615,0.37209283903104484,-0.0021731109803357924,0.5110912538966244,0.42439682025656056,-0.01078004839741778,0.3224897523781146,0.09645638850911682,0.1416521326340164,0.2764863657460307,0.2540551440748243,0.28596559324280274,0.14852489033743949,0.34339755889505374,0.3441885334293556,0.1917263180947062,1.0,0.24810765848772745,0.14662310912586746,0.1310943404551747,0.19843426109002815,0.1172842336164673,0.18821430923413482,0.1855583797221805,0.06786201272732817,0.19282476931345474,0.05890553876820862,0.258954333720597,0.11763867780395999
00700,0.26048950865490217,0.2614459517565967,0.12051529861078518,0.6654251620485363,0.2992197732838677,0.3324682413621295,0.2511250240667104,0.24201940919052306,0.18393715832938712,0.3064872970998991,0.15466100780701975,0.4466818083733734,0.2806898320174564,0.44040134319275737,0.469555759794149,0.35508874409166724,0.16797868173577668,0.5728300141843289,0.25278889680812117,0.30915074052757663,0.25520725509905523,0.40202224524223457,0.4178178951430314,0.2873619639509169,0.41647326917906197,0.1279616559181108,0.4692290460374164,0.3444971322949186,0.1796771358999204,0.2968264745536073,0.31926565599991474,0.37576322407698526,0.2718109574333219,0.1044748182852379,0.49793951140927595,0.3890496429447579,0.14402839198582743,0.5097723957870381,0.4711670904986109,0.12120910869033819,0.48742916206651177,0.3819630996610818,0.3206024324918683,0.4949343607446199,0.3826695221978967,0.19910569213193488,0.26597925132374334,0.28865100229777774,0.35765985411040474,0.3014918602750384,0.375886066849176,0.4533802239081375,0.25137986114985467,0.24810765848772745,1.0,0.21474904264182001,0.34646662910214104,0.5199209038334486,0.3844672608767911,0.5687209156422629,0.37036302153000816,0.18134638888542062,0.4848014100363009,0.1599623532658511,0.49473631923994554,0.4112881414383696
00998,0.123330260064522,0.1363573573783135,0.05222796090792563,0.34530107269492405,0.14992988861971326,0.09768502383098183,0.08367710514062791,0.11979142719080409,0.15885274861896984,0.15147219175654578,0.0684624223700845,0.12622348941624514,0.09257212558172788,0.16278191014383414,0.2157463057108542,0.1502672913268179,0.05565142027796309,0.48097042497537174,0.12806760918666266,0.18273496187587573,0.045430885791417325,0.15429747380107467,0.21996720364964606,0.20817579961322238,0.13812874709056402,0.03738757658619823,0.28991598710380434,0.05476216025511624,0.10747906532695371,0.016388819275053583,0.08879539212199558,0.19762459983696581,0.13517067827801396,0.06984386582741002,0.25770453800409854,0.14446161266091173,0.08142946915005975,0.2007080434901892,0.26004317895832724,-0.022059990402830885,0.3608676297179527,0.2697869101461361,0.13504680530166208,0.20301891462968966,0.1777856399003867,0.11155802124458342,0.08203364985540328,0.2539860395537421,0.1084524065849478,0.06492169937860134,0.20633277181487625,0.17454655239314215,0.06926834194308257,0.14662310912586746,0.21474904264182001,1.0,0.19279019114143864,0.19368957788019311,0.15482876542424526,0.2466814763529293,0.15548233709670597,0.08929256636797019,0.26961093697022576,0.08415345060811244,0.11900076694396929,0.16628598926021318
02020,0.12204567990740674,0.20458049224724395,0.11717174660806148,0.4945669175627511,0.14586080656440764,0.18975885900027326,0.111484023492572,0.16459930264959102,0.13373755143924518,0.13943653015926555,0.10559581115143356,0.20936886973655916,0.15934136401421808,0.2390548604163752,0.33622535942257703,0.2025717967678095,0.11231073522168067,0.5325622940189201,0.18210572653764853,0.20184645340950438,0.175417618725828,0.21103864193975472,0.3838929672829769,0.29653390564061965,0.2117505089609404,0.013316518445401089,0.4192887130330568,0.10578000884607981,0.13066187628560538,0.16999451141392044,0.1856973830344941,0.29090959961248575,0.14184505612619844,0.08173050535165896,0.2950846306152157,0.21456288885977903,0.10884929165070238,0.3079960633403353,0.3052467192346983,-0.0060927624799817,0.4369415847399892,0.3745953403462779,0.33342753974680545,0.2978487361918728,0.21774971957477318,0.16532109907379525,0.16646033741614338,0.27459152202581016,0.18110228822882418,0.1982483434988696,0.25853347232333995,0.29738760595745173,0.14446352419296613,0.1310943404551747,0.34646662910214104,0.19279019114143864,1.0,0.27543550406762357,0.20091356573992966,0.3540880098326467,0.20576141688289212,0.11911037604924649,0.31661387462392293,0.1486865183955916,0.23269052403478813,0.25815545182970856
01772,0.2666162584835569,0.22929146372436754,0.10721743130432324,0.6083434919933758,0.2612550860798432,0.3176158675092963,0.2636107015394981,0.19940464887032525,0.1445616086355126,0.29508816051648873,0.15940174783100286,0.45667636698820196,0.26587564907656175,0.40380659939815566,0.4639229180125364,0.3709883977015513,0.16189859472653662,0.5064126468907652,0.32791133072959344,0.31218308702174197,0.19887332158233612,0.39074829228391533,0.37350030369344894,0.2701370215614176,0.4113333781243449,0.13066267369178314,0.38592477502624667,0.4157256921332478,0.18585138122071826,0.2904382115329521,0.298603272688887,0.2612504164223866,0.36046389578091276,0.06797712786781276,0.46635648369490973,0.3752339334393171,0.1588705300067793,0.47198246411707384,0.39428228171568847,0.11468551790198155,0.41574992128406424,0.36472961544411947,0.35603261130702224,0.4729780678100548,0.3849073846834889,0.1564039500538853,0.2272818426291056,0.2437908236636472,0.3507483660292814,0.301178174584521,0.3541230211332791,0.4242541347696933,0.25607987990357034,0.19843426109002815,0.5199209038334486,0.19368957788019311,0.27543550406762357,0.9999999999999998,0.49457652940115593,0.6055195896493517,0.3944303573548028,0.19038871536796076,0.4948888435657228,0.14468923841254674,0.4766483471507308,0.42539847763356886
09992,0.17644098584239926,0.1559167232623485,0.08259775363808075,0.5432011494871961,0.26425305958068285,0.26979591713722245,0.18952931121239386,0.148789997948076,0.05457308225533865,0.16682852163607406,0.06692155790277315,0.3974570211331088,0.2280695828578006,0.3219981085364575,0.20498332709876893,0.21792867343262454,0.13729652349674887,0.5663668157972847,0.0010593466942127809,0.09127530741074574,0.3480741107614096,0.3021340999483253,0.4122306618799247,0.3035272912043177,0.3013632926335543,0.15613626961262309,0.43566471184955613,0.31572703738578645,0.07697988885393996,0.3150631278391538,0.2331211174813486,0.256538370285815,0.1008317710712986,0.03667919809131153,0.32697903703642867,0.26540203133653445,0.08236545034141611,0.36948855699798283,0.39187201414769574,0.22768323065328142,0.4578792270722832,0.4026410972960161,0.11939250326346204,0.3508757003418404,0.2038710637665233,0.20740790452884206,0.2713960792282562,0.2858887174803792,0.3086798996913828,0.26655811938155466,0.27052903833739417,0.4053866147631545,0.2185564198160051,0.1172842336164673,0.3844672608767911,0.15482876542424526,0.20091356573992966,0.49457652940115593,0.9999999999999991,0.3343114969555438,0.22918040723207853,0.08803786586415792,0.20437383588227137,0.08020457590261815,0.43813581713802824,0.23752569062196197
00005,0.31905195543558146,0.29171629425799556,0.16438573201767537,0.6992450336869407,0.3028653957441476,0.36916621146703676,0.23822182073428502,0.21347040924965058,0.23166470192914637,0.34369268025252797,0.19279281770401296,0.4434182243364876,0.298387056148987,0.4520027190803747,0.5226330569999128,0.42477031518366454,0.1795993080657024,0.6791795090210633,0.3843763073730333,0.3756770351992214,0.23042646399833344,0.4282158372975851,0.4427352907036872,0.40861853221166633,0.4600540868332186,0.13860967628954252,0.5403931356956805,0.35324145340627366,0.21941734485599856,0.32638742831312734,0.2858526118018126,0.32291565954531315,0.3953735096685571,0.09212652219218687,0.5162216036996847,0.42358267225097407,0.23371519255523443,0.5353496205721794,0.499738564199645,0.1362498138641602,0.5810249313926299,0.46549026858440357,0.4540385546999939,0.5142046352345304,0.4763146229418152,0.2502067756939852,0.2928218322272166,0.35733636982649497,0.35503115663022833,0.3352068346641177,0.44868816519170684,0.4776492883011669,0.2614533605507644,0.18821430923413482,0.5687209156422629,0.2466814763529293,0.3540880098326467,0.6055195896493517,0.3343114969555438,1.0,0.4042268941584977,0.22634904710426398,0.6252028197478834,0.17900746708001453,0.4343276344478197,0.4801229083002337
03692,0.20381343143941447,0.18108983840711215,0.060162360017353075,0.432478319946293,0.20043171053059483,0.21668840110738452,0.20313001535566177,0.156082550379931,0.14425433004554172,0.21818093587954515,0.11409536408845007,0.3335633405838304,0.1966634927747608,0.32470277591025676,0.3368246170392079,0.2457831974402912,0.11339650308159513,0.452034516899041,0.20441148821613195,0.24128190225873497,0.13777247302975806,0.283541101150349,0.2722442359334673,0.23279458964448627,0.28813964196316416,0.09970735034244026,0.3494070420143116,0.27659709459076387,0.13983148526197606,0.16141556872519663,0.20047028189356497,0.22151333158280948,0.24194306867363927,0.060927563581444855,0.3584360225088418,0.25831110009654507,0.13015705377571285,0.3336601715693774,0.31115076962938315,0.08324818315452084,0.41853831661033153,0.3442630271621905,0.21215460746801917,0.32772148251233796,0.2770317314983264,0.10752002826636346,0.180503556649489,0.23052313827762919,0.24647147663805125,0.2052967303856105,0.26593214020784217,0.2950976325446103,0.18836648567058165,0.1855583797221805,0.37036302153000816,0.15548233709670597,0.20576141688289212,0.3944303573548028,0.22918040723207853,0.4042268941584977,1.0,0.15516751845565743,0.36361143522331485,0.11018127353097554,0.3295653081187002,0.3099735355297377
01788,0.1101052397347417,0.09449810170173736,0.047594780074736366,0.2505076534507745,0.10707662487403213,0.1172793775729809,0.08101322450814588,0.076652017254543,0.09323989118977427,0.12184283492925536,0.06602151267150097,0.12658422408340383,0.09689613468191874,0.1513660686439517,0.18014612080638956,0.15045733829013294,0.05766611910602123,0.2482068580613952,0.13427171560065757,0.145213607866343,0.0633299402060594,0.14638692795469077,0.1501715931995379,0.12382654944517431,0.14746088385683678,0.05317625451652449,0.19507624362697779,0.1121354687557505,0.0926160000857667,0.0838762544207013,0.07641545968671198,0.10737321634408518,0.1466057047471636,0.026678936290087905,0.1823849687348091,0.13948669359575294,0.10012632375447354,0.17134233897568563,0.17319006401967812,0.05206465116867795,0.1827560281076844,0.1853043615462191,0.16306651477924566,0.17179849262397914,0.16485091527212495,0.07846939180177867,0.10344661292483852,0.16605206281684837,0.10965102306711394,0.1094322084846927,0.17217029082433993,0.15570259151207855,0.08065330333587369,0.06786201272732817,0.18134638888542062,0.08929256636797019,0.11911037604924649,0.19038871536796076,0.08803786586415792,0.22634904710426398,0.15516751845565743,0.9999999999999999,0.22195714721322904,0.06428910771651546,0.12667500581914473,0.17918055821038667
09991,0.3116562179612303,0.25095399586931744,0.1073663976746947,0.5896261762844343,0.27921247360839635,0.2726487418625782,0.23116211870987824,0.21720581560739557,0.30887536393906595,0.33456025472333606,0.18340517187363334,0.3324315407990182,0.2554104874530753,0.426072517439044,0.4942339834365109,0.40086798134581364,0.14156676043097033,0.5445950863026452,0.3985766554617079,0.427110262096051,0.13246185128887217,0.36925023923081235,0.3412755905468718,0.3158814493195572,0.4264584054397789,0.12614713260324556,0.44325242218480176,0.2850740934917547,0.24946569637529303,0.14537798840284125,0.18919141144044518,0.2904765061403451,0.42189771259460895,0.07957805151182948,0.5415680187305513,0.3606680158308451,0.31667755660560815,0.45398997414840786,0.4392059244811018,0.10496099850318154,0.4672246210833933,0.3781328070649953,0.4526234299254201,0.4616434942989741,0.4567665967552641,0.26007516844676504,0.23660873926985,0.27214701618217824,0.29340567724309635,0.2625653770293156,0.40366490457364895,0.3753318634848138,0.20113467628604037,0.19282476931345474,0.4848014100363009,0.26961093697022576,0.31661387462392293,0.4948888435657228,0.20437383588227137,0.6252028197478834,0.36361143522331485,0.22195714721322904,1.0,0.4004055390520642,0.3158535349968874,0.6009426950450738
00340,0.06330010262693542,0.05982422339590546,0.04712409533163059,0.15697383095251316,0.05847940305272848,0.0738189482173119,0.04969166048606395,0.05988922969157111,0.04633449847405674,0.07348544583562763,0.03572278337096639,0.10235627871998138,0.06568633894043743,0.10116301978134794,0.15553552014803806,0.10253617796647625,0.0388298761615763,0.25858857239146926,0.0831709100722652,0.07736690050408536,0.08178540725510171,0.05432820926989695,0.1020335609223681,0.08185935189198815,0.09634192994007847,0.005829128077966375,0.1656106898125731,0.042683801045669205,0.04560070289629763,0.0744313860849818,0.07910236124859289,0.12043999696111526,0.06691511770266878,0.03515939791931954,0.13890557776577736,0.09802637100243004,0.044888555912950164,0.1480595613565604,0.1437191741774797,-0.008406765515735128,0.14662428463337943,0.08804869960210815,0.14628867189780093,0.13799397923721743,0.10598022165954848,0.07317333440033202,0.029517248745900674,0.13587498323573888,0.0752633898849094,0.07724973643090627,0.06908374063542629,0.08420784070495871,0.053307320623334216,0.05890553876820862,0.1599623532658511,0.08415345060811244,0.1486865183955916,0.14468923841254674,0.08020457590261815,0.17900746708001453,0.11018127353097554,0.06428910771651546,0.4004055390520642,0.999999999999997,-0.058166980718797834,0.11380121296230777
09898,0.1440224380656072,0.20638791877697155,0.05867173680059303,0.47470339549025814,0.20184418045280614,0.27023642567871753,0.25560898253601555,0.18149919333641076,0.04236556297823627,0.18199731437823333,0.08545362470828774,0.49454425656995,0.2312997050478111,0.3628214824970835,0.35414906389249484,0.22095039398864988,0.12521498979658077,0.43772389174865006,0.09300664435649549,0.14762308231036259,0.27386590233510666,0.3121265523177322,0.25624764934860517,0.2512656474090033,0.3149400670709213,0.12650996604458323,0.3313950065734555,0.38755740185772425,0.09122521414775064,0.2800640127790427,0.33578405950834683,0.3308770845123076,0.1465331713816859,0.07073750521396097,0.3598745448821098,0.31336005660469274,0.014758185310682041,0.4281159718277774,0.3007161599546717,0.10666876079232017,0.3867359291667006,0.2931509116123996,0.09287131262660296,0.3961287053341351,0.23549958000348672,0.03312470059321917,0.1899521023394142,0.17178038177046634,0.27422778905544143,0.2556167423245374,0.23110401943120343,0.3387308231352505,0.2524446626569531,0.258954333720597,0.49473631923994554,0.11900076694396929,0.23269052403478813,0.4766483471507308,0.43813581713802824,0.4343276344478197,0.3295653081187002,0.12667500581914473,0.3158535349968874,-0.058166980718797834,0.9999999999999992,0.43969228774698493
02099,0.23591598563008215,0.15662215777393074,0.0750093976547902,0.4708293001726107,0.22255926365097922,0.22574505265445,0.20796296876212908,0.15189302004699018,0.17300389060025037,0.26464741200146547,0.13866616511354404,0.32441865168512046,0.20161143956588992,0.35453868425640295,0.3837060596103107,0.31472982918407455,0.1119452955339933,0.540076457136631,0.2975953689211797,0.29789988628170927,0.16798510206629666,0.29550060109002985,0.349113991437683,0.31863615509196697,0.3571507684287438,0.12280737600940325,0.408149802068644,0.30345036130664266,0.1844329536645083,0.17995310771823742,0.19472880453654925,0.1921724910810902,0.3334112281250432,0.04374240227073608,0.39219149513245755,0.2975850118696427,0.24747439176809108,0.3620824740620448,0.40339612945721254,0.14234792403094143,0.44116507339542177,0.3580875818597165,0.3647776525652123,0.3626521275922287,0.33232419734779567,0.2138005194588053,0.21955039742712612,0.25800172078182076,0.2768638162518739,0.2668355468720367,0.2893874811926635,0.3234602057088183,0.187885184511148,0.11763867780395999,0.4112881414383696,0.16628598926021318,0.25815545182970856,0.42539847763356886,0.23752569062196197,0.4801229083002337,0.3099735355297377,0.17918055821038667,0.6009426950450738,0.11380121296230777,0.43969228774698493,0.999999999999999
